Business Name,Address,Phone,Email,Rating,Date Contacted,Contact Method,Response Status,Notes,Follow-up Date
Wash'em Up Laundry #2,3100 S Sheridan Blvd Denver CO 80227,(303) 955-5259,—,—,2026-05-09,Phone,,,
Wash'em Up Laundry #3,1905 W Mississippi Ave Denver CO 80223,(720) 630-7754,—,—,2026-05-09,Phone,,,
Two Guys Laundry,4660 Peoria St Ste 107 Denver CO 80239,(303) 351-2235,—,—,2026-05-09,Phone,,,
Superior Laundries,1412 S Parker Rd Ste B Denver CO 80231,(303) 390-1230,superiorlaundries@gmail.com,—,2026-05-09,Phone,,,
Greenbriar Coin Laundry,7045 N Pecos St A Denver CO 80221,(303) 427-2023,—,5.0,2026-05-09,Phone,,,
Colorado Blvd Laundromat,2860 Colorado Blvd Denver CO 80207,(303) 322-9545,—,—,2026-05-09,Phone,,,
The Coin-Op Laundry,8966 E Hampden Ave Denver CO 80231,(720) 585-8069,info@24hrslaundry.com,3.7,2026-05-09,Phone,,,
Village Coin Laundry,2200 S Monaco Pkwy Unit K Denver CO 80222,(303) 757-2173,—,4.0,2026-05-09,Phone,,,
Iliff Coin Laundry,7511 E Iliff Ave Denver CO 80231,(303) 745-5803,iliffcoinlaundry@gmail.com,—,2026-05-09,Phone,,,
Lamar Coin Laundry,6667 W Colfax Ave Lakewood CO 80214,(303) 233-3090,—,—,2026-05-09,Phone,,,
Brentwood Coin Laundry,1902 S Federal Blvd Denver CO 80219,(303) 935-7052,—,—,2026-05-09,Phone,,,
Epic Laundromat,5115 Federal Blvd #12-13 Denver CO 80221,(720) 379-5340,info@epiclaundromat.com,4.5,2026-05-09,Phone,,,
American Dream Laundry,1902 S Federal Blvd Denver CO 80219,(303) 936-0884,—,4.5,2026-05-09,Phone,,,
Yorktown Coin Laundry,7855 York St Denver CO,(303) 286-8206,—,—,2026-05-09,Phone,,,
York Laundromat,3415 York St Denver CO 80205,(720) 697-5434,—,—,2026-05-09,Phone,,,
Kim's Coin Laundry,714 Sheridan Blvd Denver CO 80204,(720) 242-5225,—,—,2026-05-09,Phone,,,
Wash'em Up Laundry #1,1415 S Federal Blvd Denver CO 80219,—,—,—,2026-05-09,Phone,,,
Wash'em Up (Thornton),9071 Washington St Thornton CO 80229,(303) 280-2938,—,—,2026-05-09,Phone,,,
Mega Laundries,Multiple Denver metro locations,—,—,—,2026-05-09,Phone,,,
Creekside Laundromat,Multiple Denver metro locations,—,—,—,2026-05-09,Phone,,,
Laundry Yard,3225 S Wadsworth Blvd Unit A Denver CO 80227,(303) 984-6100,—,1.0,2026-05-12,Web,,,
Laundrys Laundry,1742 W 92nd Ave Denver CO 80260,(720) 708-2992,—,—,2026-05-12,Web,,,
Powernap Inc,727 N Pearl St Denver CO 80203,(720) 479-8778,—,—,2026-05-12,Web,,,
Miss Jenny's,490 Santa Fe Dr Denver CO 80204,(303) 595-8400,—,—,2026-05-12,Web,,,
Esquire Fabricare,2100 16th St Denver CO 80202,(303) 623-2880,—,—,2026-05-12,Web,,,
Sara Laundromat,1330 W 38th Ave Denver CO 80211,(303) 477-6399,—,—,2026-05-12,Web,,,
Luxury Laundromat,2801 Colorado Blvd Denver CO 80207,(303) 567-2746,—,—,2026-05-12,Web,,,
Positive Spin Laundry,4301 W 38th Ave Denver CO 80212,(303) 537-5900,—,—,2026-05-12,Web,,,
Positive Spin Laundry,6920 E 23rd Ave Denver CO 80207,(303) 284-2128,—,—,2026-05-12,Web,,,
Family Laundry,2786 S Federal Blvd Denver CO 80236,(720) 612-4133,—,—,2026-05-12,Web,,,
Peacock Laundry,1109 Yosemite St Denver CO 80220,(303) 322-6295,—,—,2026-05-12,Web,,,
Magic Laundry,2223 S Monaco Pkwy Unit A5 Denver CO 80222,(303) 300-2232,—,—,2026-05-12,Web,,,
Magic Laundry,2283 S Monaco Pkwy Denver CO 80222,(303) 300-2232,—,—,2026-05-12,Web,,,
Lo Coin Laundry,1261 W 84th Ave Unit 2 Denver CO 80260,(720) 532-0176,—,—,2026-05-12,Web,,,
Market Square Laundry,1407 W 84th Ave Unit A1 Denver CO 80260,(303) 429-3463,—,—,2026-05-12,Web,,,
24 hrs Laundry,8966 E Hampden Ave Denver CO 80231,(720) 495-2128,—,—,2026-05-12,Web,,,
Royal Laundromat,1610 West 92nd Avenue Denver CO 80260,(720) 251-3814,—,—,2026-05-12,Web,,,
Adams Laundry,1610 W 92nd Ave Denver CO 80260,(303) 429-2828,—,—,2026-05-12,Web,,,
The Cleaning Fairies,2727 Pine St Denver CO 80260,(303) 872-4511,—,—,2026-05-12,Web,,,
Dryclean USA,5145 Chambers Rd Denver CO 80239,(720) 374-0750,—,—,2026-05-12,Web,,,
